kbelak,ca8dc5f9-ff1c-3092-8f01-54b77774c6b0
srfructu,5805fb53-f0cb-3acc-a4cb-e21093b85779
creepyamateur,674b293b-d18f-3b6f-9413-476bd55d8b46
filip_v_br_cheu,012468f4-1101-3d3e-9e74-e7beba552172
vick04,033adc92-2988-3fbc-8365-ae83ec42fcf6
stealthelf,d2a5f08c-7e0c-33e9-933d-aa3e547e1d04
sket0,797fb4d4-ef27-34f4-a169-7566e118cc54
vestina,6653f5f0-df80-36fa-8122-c2213f936a15
kenoking93,69b8257c-d99a-3048-913f-0db4cbcb8101
yoopierre,ca62a685-a224-3588-aebf-63f146f980af
adam_skrr,07b5407f-9eb6-3a9c-936a-cdbae45b9ad6
yourdentist174,a5ae81df-3e32-3296-bdcb-584bfd91c9e0
ahmettrpro,9951c164-0daf-3d57-8d5a-4a4e0ed45538
ayatola,1caf7615-4ae4-3cb3-8aab-ce38e24614e9
mydadfailnnn,8dacf9b3-c2be-3c28-9582-ed53c5f0a23c
haxpress,8d914f92-7c42-337a-afae-75a0efef2515
adam_skrrr,4c66e037-478b-357c-9c48-1c3931392e2d
mending_cz,3c9a73d5-3d8c-389a-97c2-02d05353e90c
tsutsanna,ff79898d-b4f9-3da2-ab9f-5814ab05ef16
ciki5000,c8145881-397f-35d0-82c8-03a2c59284bf
tyweriusz98,5fd814a3-2ed2-3aeb-a2d7-5c5a60994b3b
vladja,9e79db3d-c5e8-3061-98bd-d297d67a0611
parmenlp01,4356dc6b-566d-3e71-9bd0-817a883da5a1
zuziana,f7d99fd6-d9f5-3801-9977-be6918d09797
aellopos,330e3eba-ba41-3675-aa0a-32a3847b2470
slaboch2004,42e59316-9c65-3947-bdf8-a49575c57562
ddiamond_,ecf23289-bf9b-363d-a507-58131ddb68e5
mackcz,3a0fa81c-1143-3f81-95ef-21d70b4c4b44
blokensie,8262b5ef-6eb4-38d0-ba50-7cf354aa5e3d
